contact,contacted,interested,subscribed,interest_rate_%,conversion_rate_%
cellular,26144,13520,3853,51.71358629130967,28.49852071005917
telephone,15044,7361,787,48.92980590268546,10.691482135579406
