job,contacted,subscribed,conversion_%
admin.,10422,1352,12.972558050278257
blue-collar,9254,638,6.894315971471795
entrepreneur,1456,124,8.516483516483516
housemaid,1060,106,10.0
management,2924,328,11.21751025991792
retired,1720,434,25.232558139534884
self-employed,1421,149,10.48557353976073
services,3969,323,8.138070042831949
student,875,275,31.428571428571427
technician,6743,730,10.826041821147857
unemployed,1014,144,14.201183431952662
